Workbook

Sheet Instructions
B2: TalentHub – Internal Job Postings (source data)
B5: What this workbook is
B6: This workbook is the single source for the Internal Job Postings shown in the TalentHub portal. Each row on the Job Postings tab is one posting. When the workbook is committed to the GitHub repository, the Vercel build converts it to data/job-postings.json, and the portal loads the postings from there.
B8: How to update postings
B9: Step 1 | C9: Edit or add rows on the Job Postings tab. Use the dropdowns where a cell offers one.
B10: Step 2 | C10: For each Job ID, list its scoring criteria on the Assessment Weights tab. Weights for one job must total 100. If a job has no rows there, the default weights for its Assessment Profile are used.
B11: Step 3 | C11: Check the two grey columns at the right of Job Postings: Weights Total must be 100 and Row Check must say OK.
B12: Step 4 | C12: Save, then commit and push the file (data/job-postings.xlsx). Vercel rebuilds the site in about a minute. If the build finds an error, it stops and the live site keeps the previous postings.
B14: Cell legend
B15: White cells | C15: Inputs you edit (the sample rows are real examples of the expected format).
B16: Grey cells | C16: Formulas. Don't type in them.
B18: Formats
B19: Job ID | C19: Unique, e.g. JOB-2026-1009. Never reuse or change an ID once applications exist, because applications refer to it.
B20: Skills, departments, grades | C20: Comma-separated lists, e.g. JavaScript, React, SQL
B21: Key Responsibilities | C21: One responsibility per line (Alt+Enter starts a new line inside the cell).
B22: Dates | C22: Real Excel dates. Closing date must be after the opening date (at least 7 days).
B23: Experience / tenure | C23: Numbers only: years for experience, months for tenure.
B24: Featured | C24: Yes shows the job on the dashboard's Featured jobs list.
B25: Status | C25: Draft, Pending Approval, Published, Closed or Cancelled. Employees only see Published jobs.
B27: Responsible assessment
B28: Assessment criteria must be job-related only. Never add criteria based on age, gender, religion, ethnicity, nationality, marital status, disability or other personal characteristics. The build rejects criterion names that do.
B30: Changes made inside the portal
B31: Postings created or edited in the portal are saved only in that browser. To make them permanent, copy them into this workbook.

Sheet Job Postings
A1: Job ID | B1: Job Title | C1: Department | D1: Job Family | E1: Job Grade | F1: Hiring Manager | G1: Recruiter | H1: Openings | I1: Job Type | J1: Job Summary | K1: Key Responsibilities | L1: Required Qualifications | M1: Required Skills | N1: Preferred Skills | O1: Min Experience (yrs) | P1: Preferred Experience (yrs) | Q1: Certifications | R1: Work Location | S1: Work Mode | T1: Eligible Departments | U1: Eligible Grades | V1: Min Tenure (months) | W1: Performance Eligibility | X1: Manager Approval | Y1: Opening Date | Z1: Closing Date | AA1: Resume Requirement | AB1: Assessment Profile | AC1: Review Threshold | AD1: Featured | AE1: Status | AF1: Created On | AG1: Weights Total (%) | AH1: Row Check
A2: JOB-2026-1001 | B2: Senior Full Stack Engineer | C2: Engineering | D2: Software Engineering | E2: G7 | F2: Arjun Mehta | G2: Priya Raman | H2: 2 | I2: Full-time Permanent | J2: Build and scale customer-facing payment and onboarding experiences used by 4M+ users. | K2: Design and deliver features across React front end and Node.js services. Own API design and data modelling for onboarding flows. Mentor two to three engineers and lead code reviews. Partner with Product and QA on release planning. | L2: Bachelor's degree in Computer Science or equivalent practical experience. | M2: JavaScript, React, Node.js, REST APIs, SQL | N2: TypeScript, AWS, Docker, CI/CD | O2: 5 | P2: 7 | Q2: AWS Certified Developer – Associate (preferred) | R2: Bengaluru | S2: Hybrid | T2: Engineering, IT Infrastructure, Product Management, Data & Analytics, Customer Success | U2: G5, G6, G7 | V2: 12 | W2: Meets Expectations or above | X2: Required before shortlisting | Y2: 46296 | Z2: 46326 | AA2: Mandatory | AB2: AP-TECH | AC2: 60 | AD2: Yes | AE2: Published | AF2: 46291 | AG2: =IF(A2="","",SUMIFS('Assessment Weights'!$D:$D,'Assessment Weights'!$A:$A,A2)) | AH2: =IF(A2="","",IF(COUNTIF($A$2:$A$1000,A2)>1,"Duplicate Job ID",IF(AND(AG2<>100,AG2<>0),"Weights must total 100",IF(Z2-Y2<7,"Closing date must be 7+ days after opening","OK"))))
A3: JOB-2026-1002 | B3: Data Scientist – Customer Analytics | C3: Data & Analytics | D3: Data Science & Analytics | E3: G6 | F3: Kavita Iyer | G3: Priya Raman | H3: 1 | I3: Full-time Permanent | J3: Develop churn and propensity models that guide retention campaigns across retail banking products. | K3: Build, validate and monitor predictive models. Design and analyse A/B experiments with Marketing. Present insights to business stakeholders. | L3: Bachelor's or Master's in Statistics, Mathematics, Computer Science or related field. | M3: Python, SQL, Machine Learning, Statistics | N3: PySpark, Tableau, A/B Testing | O3: 3 | P3: 5 | Q3: None required | R3: Hyderabad | S3: Hybrid | T3: Data & Analytics, Finance, Engineering, Marketing | U3: G4, G5, G6 | V3: 12 | W3: Meets Expectations or above | X3: Required before shortlisting | Y3: 46300 | Z3: 46331 | AA3: Mandatory | AB3: AP-TECH | AC3: 60 | AD3: Yes | AE3: Published | AF3: 46296 | AG3: =IF(A3="","",SUMIFS('Assessment Weights'!$D:$D,'Assessment Weights'!$A:$A,A3)) | AH3: =IF(A3="","",IF(COUNTIF($A$2:$A$1000,A3)>1,"Duplicate Job ID",IF(AND(AG3<>100,AG3<>0),"Weights must total 100",IF(Z3-Y3<7,"Closing date must be 7+ days after opening","OK"))))
A4: JOB-2026-1003 | B4: Engineering Manager – Platform Services | C4: Engineering | D4: Software Engineering | E4: G8 | F4: Rahul Desai | G4: Neha Joshi | H4: 1 | I4: Full-time Permanent | J4: Lead a team of 9 engineers responsible for shared platform services, observability and developer tooling. | K4: Hire, coach and grow engineers. Own platform roadmap and delivery commitments. Drive reliability targets (SLOs) and incident reviews. Manage cross-team dependencies. | L4: Bachelor's degree in Engineering or equivalent; 2+ years managing engineers. | M4: People Management, Agile Delivery, Microservices, Stakeholder Management | N4: Kubernetes, SRE Practices | O4: 8 | P4: 10 | Q4: None required | R4: Pune | S4: On-site | T4: Engineering, IT Infrastructure | U4: G7, G8 | V4: 24 | W4: Exceeds Expectations or above | X4: Required before shortlisting | Y4: 46298 | Z4: 46323 | AA4: Mandatory | AB4: AP-MGMT | AC4: 65 | AD4: Yes | AE4: Published | AF4: 46294 | AG4: =IF(A4="","",SUMIFS('Assessment Weights'!$D:$D,'Assessment Weights'!$A:$A,A4)) | AH4: =IF(A4="","",IF(COUNTIF($A$2:$A$1000,A4)>1,"Duplicate Job ID",IF(AND(AG4<>100,AG4<>0),"Weights must total 100",IF(Z4-Y4<7,"Closing date must be 7+ days after opening","OK"))))
A5: JOB-2026-1004 | B5: Cloud Infrastructure Specialist | C5: IT Infrastructure | D5: Infrastructure & Cloud | E5: G6 | F5: Sunita Rao | G5: Thomas George | H5: 2 | I5: Full-time Permanent | J5: Operate and automate the company's hybrid cloud estate across AWS and on-premise data centres. | K5: Automate provisioning with Terraform. Manage Kubernetes clusters and CI/CD pipelines. Support migration of legacy workloads to AWS. | L5: Diploma or degree in IT/Engineering. | M5: AWS, Terraform, Linux, Kubernetes | N5: Python, Ansible, CI/CD | O5: 3 | P5: 5 | Q5: AWS Solutions Architect – Associate (required within 6 months) | R5: Chennai | S5: Remote | T5: IT Infrastructure, Engineering, Customer Success | U5: G4, G5, G6 | V5: 12 | W5: Meets Expectations or above | X5: Required before application | Y5: 46303 | Z5: 46336 | AA5: Mandatory | AB5: AP-TECH | AC5: 55 | AD5: Yes | AE5: Published | AF5: 46301 | AG5: =IF(A5="","",SUMIFS('Assessment Weights'!$D:$D,'Assessment Weights'!$A:$A,A5)) | AH5: =IF(A5="","",IF(COUNTIF($A$2:$A$1000,A5)>1,"Duplicate Job ID",IF(AND(AG5<>100,AG5<>0),"Weights must total 100",IF(Z5-Y5<7,"Closing date must be 7+ days after opening","OK"))))
A6: JOB-2026-1005 | B6: Financial Planning Analyst | C6: Finance | D6: Finance & Accounting | E6: G5 | F6: Thomas George | G6: Neha Joshi | H6: 1 | I6: Full-time Permanent | J6: Support annual budgeting, monthly forecasting and variance analysis for the Retail business unit. | K6: Prepare monthly forecast packs. Build driver-based financial models. Partner with business heads on variance commentary. | L6: CA, CMA, MBA (Finance) or equivalent. | M6: Financial Modelling, Excel, Budgeting, Variance Analysis | N6: Power BI, SAP | O6: 2 | P6: 4 | Q6: CA / CMA (preferred) | R6: Bengaluru | S6: On-site | T6: Finance, Operations, Data & Analytics | U6: G4, G5 | V6: 12 | W6: Meets Expectations or above | X6: Required before shortlisting | Y6: 46297 | Z6: 46320 | AA6: Mandatory | AB6: AP-GEN | AC6: 55 | AD6: No | AE6: Published | AF6: 46295 | AG6: =IF(A6="","",SUMIFS('Assessment Weights'!$D:$D,'Assessment Weights'!$A:$A,A6)) | AH6: =IF(A6="","",IF(COUNTIF($A$2:$A$1000,A6)>1,"Duplicate Job ID",IF(AND(AG6<>100,AG6<>0),"Weights must total 100",IF(Z6-Y6<7,"Closing date must be 7+ days after opening","OK"))))
A7: JOB-2026-1006 | B7: HR Business Partner – Technology | C7: Human Resources | D7: Human Resources | E7: G7 | F7: Arjun Mehta | G7: Priya Raman | H7: 1 | I7: Full-time Permanent | J7: Act as strategic HR partner to Technology leadership for a population of ~1,200 employees. | K7: Advise leaders on org design and workforce planning. Lead performance and talent review cycles. Handle employee relations cases. | L7: Postgraduate degree in HR or related field. | M7: Talent Management, Employee Relations, Workforce Planning | N7: HR Analytics, Change Management | O7: 6 | P7: 8 | Q7: SHRM-CP or equivalent (preferred) | R7: Mumbai | S7: Hybrid | T7: Human Resources | U7: G6, G7 | V7: 12 | W7: Meets Expectations or above | X7: Required before shortlisting | Y7: 46315 | Z7: 46346 | AA7: Mandatory | AB7: AP-GEN | AC7: 60 | AD7: No | AE7: Pending Approval | AF7: 46307 | AG7: =IF(A7="","",SUMIFS('Assessment Weights'!$D:$D,'Assessment Weights'!$A:$A,A7)) | AH7: =IF(A7="","",IF(COUNTIF($A$2:$A$1000,A7)>1,"Duplicate Job ID",IF(AND(AG7<>100,AG7<>0),"Weights must total 100",IF(Z7-Y7<7,"Closing date must be 7+ days after opening","OK"))))
A8: JOB-2026-1007 | B8: Product Marketing Manager | C8: Marketing | D8: Marketing & Communications | E8: G7 | F8: Kavita Iyer | G8: Thomas George | H8: 1 | I8: Full-time Permanent | J8: Own go-to-market positioning for the SME lending product line. | K8: Define messaging and positioning. Plan product launches with Sales and Product. | L8: MBA (Marketing) preferred. | M8: Product Marketing, Go-to-Market, Market Research | N8: B2B Marketing | O8: 5 | P8: 7 | R8: Gurugram | S8: Hybrid | T8: Marketing, Product Management | U8: G6, G7 | V8: 12 | W8: Meets Expectations or above | X8: Required before shortlisting | Y8: 46327 | Z8: 46356 | AA8: Mandatory | AB8: AP-GEN | AC8: 60 | AD8: No | AE8: Draft | AF8: 46308 | AG8: =IF(A8="","",SUMIFS('Assessment Weights'!$D:$D,'Assessment Weights'!$A:$A,A8)) | AH8: =IF(A8="","",IF(COUNTIF($A$2:$A$1000,A8)>1,"Duplicate Job ID",IF(AND(AG8<>100,AG8<>0),"Weights must total 100",IF(Z8-Y8<7,"Closing date must be 7+ days after opening","OK"))))
A9: JOB-2026-0994 | B9: QA Automation Lead | C9: Engineering | D9: Software Engineering | E9: G7 | F9: Rahul Desai | G9: Priya Raman | H9: 1 | I9: Full-time Permanent | J9: Lead test automation strategy for mobile banking apps. | K9: Own automation frameworks. Lead a team of 4 QA engineers. | L9: Bachelor's degree in Engineering. | M9: Selenium, Appium, Java, Test Strategy | N9: CI/CD | O9: 6 | P9: 8 | Q9: ISTQB (preferred) | R9: Pune | S9: Hybrid | T9: Engineering | U9: G6, G7 | V9: 12 | W9: Meets Expectations or above | X9: Required before shortlisting | Y9: 46249 | Z9: 46280 | AA9: Mandatory | AB9: AP-TECH | AC9: 60 | AD9: No | AE9: Closed | AF9: 46244 | AG9: =IF(A9="","",SUMIFS('Assessment Weights'!$D:$D,'Assessment Weights'!$A:$A,A9)) | AH9: =IF(A9="","",IF(COUNTIF($A$2:$A$1000,A9)>1,"Duplicate Job ID",IF(AND(AG9<>100,AG9<>0),"Weights must total 100",IF(Z9-Y9<7,"Closing date must be 7+ days after opening","OK"))))
A10: JOB-2026-0990 | B10: Procurement Specialist | C10: Operations | D10: Operations | E10: G5 | F10: Sunita Rao | G10: Neha Joshi | H10: 1 | I10: Full-time Permanent | J10: Manage vendor sourcing for facilities and IT hardware. | K10: Run RFP processes. | L10: Bachelor's degree. | M10: Vendor Management, Negotiation | N10: SAP Ariba | O10: 3 | P10: 5 | R10: Chennai | S10: On-site | T10: Operations, Finance | U10: G4, G5 | V10: 12 | W10: Meets Expectations or above | X10: Required before shortlisting | Y10: 46235 | Z10: 46265 | AA10: Mandatory | AB10: AP-GEN | AC10: 55 | AD10: No | AE10: Cancelled | AF10: 46231 | AG10: =IF(A10="","",SUMIFS('Assessment Weights'!$D:$D,'Assessment Weights'!$A:$A,A10)) | AH10: =IF(A10="","",IF(COUNTIF($A$2:$A$1000,A10)>1,"Duplicate Job ID",IF(AND(AG10<>100,AG10<>0),"Weights must total 100",IF(Z10-Y10<7,"Closing date must be 7+ days after opening","OK"))))
AG11: =IF(A11="","",SUMIFS('Assessment Weights'!$D:$D,'Assessment Weights'!$A:$A,A11)) | AH11: =IF(A11="","",IF(COUNTIF($A$2:$A$1000,A11)>1,"Duplicate Job ID",IF(AND(AG11<>100,AG11<>0),"Weights must total 100",IF(Z11-Y11<7,"Closing date must be 7+ days after opening","OK"))))
AG12: =IF(A12="","",SUMIFS('Assessment Weights'!$D:$D,'Assessment Weights'!$A:$A,A12)) | AH12: =IF(A12="","",IF(COUNTIF($A$2:$A$1000,A12)>1,"Duplicate Job ID",IF(AND(AG12<>100,AG12<>0),"Weights must total 100",IF(Z12-Y12<7,"Closing date must be 7+ days after opening","OK"))))
AG13: =IF(A13="","",SUMIFS('Assessment Weights'!$D:$D,'Assessment Weights'!$A:$A,A13)) | AH13: =IF(A13="","",IF(COUNTIF($A$2:$A$1000,A13)>1,"Duplicate Job ID",IF(AND(AG13<>100,AG13<>0),"Weights must total 100",IF(Z13-Y13<7,"Closing date must be 7+ days after opening","OK"))))
AG14: =IF(A14="","",SUMIFS('Assessment Weights'!$D:$D,'Assessment Weights'!$A:$A,A14)) | AH14: =IF(A14="","",IF(COUNTIF($A$2:$A$1000,A14)>1,"Duplicate Job ID",IF(AND(AG14<>100,AG14<>0),"Weights must total 100",IF(Z14-Y14<7,"Closing date must be 7+ days after opening","OK"))))
AG15: =IF(A15="","",SUMIFS('Assessment Weights'!$D:$D,'Assessment Weights'!$A:$A,A15)) | AH15: =IF(A15="","",IF(COUNTIF($A$2:$A$1000,A15)>1,"Duplicate Job ID",IF(AND(AG15<>100,AG15<>0),"Weights must total 100",IF(Z15-Y15<7,"Closing date must be 7+ days after opening","OK"))))
AG16: =IF(A16="","",SUMIFS('Assessment Weights'!$D:$D,'Assessment Weights'!$A:$A,A16)) | AH16: =IF(A16="","",IF(COUNTIF($A$2:$A$1000,A16)>1,"Duplicate Job ID",IF(AND(AG16<>100,AG16<>0),"Weights must total 100",IF(Z16-Y16<7,"Closing date must be 7+ days after opening","OK"))))
AG17: =IF(A17="","",SUMIFS('Assessment Weights'!$D:$D,'Assessment Weights'!$A:$A,A17)) | AH17: =IF(A17="","",IF(COUNTIF($A$2:$A$1000,A17)>1,"Duplicate Job ID",IF(AND(AG17<>100,AG17<>0),"Weights must total 100",IF(Z17-Y17<7,"Closing date must be 7+ days after opening","OK"))))
AG18: =IF(A18="","",SUMIFS('Assessment Weights'!$D:$D,'Assessment Weights'!$A:$A,A18)) | AH18: =IF(A18="","",IF(COUNTIF($A$2:$A$1000,A18)>1,"Duplicate Job ID",IF(AND(AG18<>100,AG18<>0),"Weights must total 100",IF(Z18-Y18<7,"Closing date must be 7+ days after opening","OK"))))
AG19: =IF(A19="","",SUMIFS('Assessment Weights'!$D:$D,'Assessment Weights'!$A:$A,A19)) | AH19: =IF(A19="","",IF(COUNTIF($A$2:$A$1000,A19)>1,"Duplicate Job ID",IF(AND(AG19<>100,AG19<>0),"Weights must total 100",IF(Z19-Y19<7,"Closing date must be 7+ days after opening","OK"))))
AG20: =IF(A20="","",SUMIFS('Assessment Weights'!$D:$D,'Assessment Weights'!$A:$A,A20)) | AH20: =IF(A20="","",IF(COUNTIF($A$2:$A$1000,A20)>1,"Duplicate Job ID",IF(AND(AG20<>100,AG20<>0),"Weights must total 100",IF(Z20-Y20<7,"Closing date must be 7+ days after opening","OK"))))
AG21: =IF(A21="","",SUMIFS('Assessment Weights'!$D:$D,'Assessment Weights'!$A:$A,A21)) | AH21: =IF(A21="","",IF(COUNTIF($A$2:$A$1000,A21)>1,"Duplicate Job ID",IF(AND(AG21<>100,AG21<>0),"Weights must total 100",IF(Z21-Y21<7,"Closing date must be 7+ days after opening","OK"))))
AG22: =IF(A22="","",SUMIFS('Assessment Weights'!$D:$D,'Assessment Weights'!$A:$A,A22)) | AH22: =IF(A22="","",IF(COUNTIF($A$2:$A$1000,A22)>1,"Duplicate Job ID",IF(AND(AG22<>100,AG22<>0),"Weights must total 100",IF(Z22-Y22<7,"Closing date must be 7+ days after opening","OK"))))
... AG1000: =IF(A1000="","",SUMIFS('Assessment Weights'!$D:$D,'Assessment Weights'!$A:$A,A1000)) | AH1000: =IF(A1000="","",IF(COUNTIF($A$2:$A$1000,A1000)>1,"Duplicate Job ID",IF(AND(AG1000<>100,AG1000<>0),"Weights must total 100",IF(Z1000-Y1000<7,"Closing date must be 7+ days after opening","OK"))))

Sheet Assessment Weights
A1: Job ID | B1: Criterion Key | C1: Criterion Name | D1: Weight (%)
A2: JOB-2026-1001 | B2: reqSkills | C2: Required Skills Match | D2: 35
A3: JOB-2026-1001 | B3: experience | C3: Relevant Experience | D3: 25
A4: JOB-2026-1001 | B4: quals | C4: Qualifications & Certifications | D4: 15
A5: JOB-2026-1001 | B5: prefSkills | C5: Preferred Skills | D5: 15
A6: JOB-2026-1001 | B6: resp | C6: Responsibilities Alignment | D6: 10
A7: JOB-2026-1002 | B7: reqSkills | C7: Required Skills Match | D7: 35
A8: JOB-2026-1002 | B8: experience | C8: Relevant Experience | D8: 25
A9: JOB-2026-1002 | B9: quals | C9: Qualifications & Certifications | D9: 15
A10: JOB-2026-1002 | B10: prefSkills | C10: Preferred Skills | D10: 15
A11: JOB-2026-1002 | B11: resp | C11: Responsibilities Alignment | D11: 10
A12: JOB-2026-1003 | B12: leadership | C12: People Leadership Experience | D12: 30
A13: JOB-2026-1003 | B13: domain | C13: Domain / Technical Depth | D13: 25
... A42: JOB-2026-0990 | B42: prefSkills | C42: Preferred Skills | D42: 20

Sheet Assessment Profiles
A1: Profile ID | B1: Profile Name | C1: Criterion Key | D1: Criterion Name | E1: Default Weight (%)
A2: AP-TECH | B2: Technical Role – Standard | C2: reqSkills | D2: Required Skills Match | E2: 35
A3: AP-TECH | B3: Technical Role – Standard | C3: experience | D3: Relevant Experience | E3: 25
A4: AP-TECH | B4: Technical Role – Standard | C4: quals | D4: Qualifications & Certifications | E4: 15
A5: AP-TECH | B5: Technical Role – Standard | C5: prefSkills | D5: Preferred Skills | E5: 15
A6: AP-TECH | B6: Technical Role – Standard | C6: resp | D6: Responsibilities Alignment | E6: 10
A7: AP-MGMT | B7: People Leadership | C7: leadership | D7: People Leadership Experience | E7: 30
A8: AP-MGMT | B8: People Leadership | C8: domain | D8: Domain / Technical Depth | E8: 25
A9: AP-MGMT | B9: People Leadership | C9: stakeholder | D9: Stakeholder Management | E9: 20
A10: AP-MGMT | B10: People Leadership | C10: reqSkills | D10: Required Skills Match | E10: 15
A11: AP-MGMT | B11: People Leadership | C11: quals | D11: Qualifications & Certifications | E11: 10
A12: AP-GEN | B12: General Professional | C12: reqSkills | D12: Required Skills Match | E12: 30
A13: AP-GEN | B13: General Professional | C13: experience | D13: Relevant Experience | E13: 30
... A15: AP-GEN | B15: General Professional | C15: prefSkills | D15: Preferred Skills | E15: 20

Sheet Lookups
A1: Departments | B1: Job Families | C1: Grades | D1: Locations | E1: People | F1: Recruiters | G1: Job Types | H1: Work Modes | I1: Statuses | J1: Performance | K1: Manager Approval | L1: Resume Requirement | M1: Assessment Profiles | N1: Criterion Keys | O1: Yes/No
A2: Engineering | B2: Software Engineering | C2: G4 | D2: Bengaluru | E2: Arjun Mehta | F2: Priya Raman | G2: Full-time Permanent | H2: On-site | I2: Draft | J2: Meets Expectations or above | K2: Required before application | L2: Mandatory | M2: AP-TECH | N2: domain | O2: Yes
A3: Data & Analytics | B3: Data Science & Analytics | C3: G5 | D3: Hyderabad | E3: Kavita Iyer | F3: Neha Joshi | G3: Fixed-term Contract | H3: Hybrid | I3: Pending Approval | J3: Exceeds Expectations or above | K3: Required before shortlisting | L3: Optional | M3: AP-MGMT | N3: experience | O3: No
A4: IT Infrastructure | B4: Infrastructure & Cloud | C4: G6 | D4: Pune | E4: Rahul Desai | F4: Thomas George | G4: Internal Secondment | H4: Remote | I4: Published | J4: No active performance plan | K4: Notify only | M4: AP-GEN | N4: leadership
A5: Finance | B5: Finance & Accounting | C5: G7 | D5: Chennai | E5: Sunita Rao | G5: Rotational Program | I5: Closed | J5: Not applicable | N5: prefSkills
A6: Human Resources | B6: Human Resources | C6: G8 | D6: Mumbai | E6: Priya Raman | I6: Cancelled | N6: quals
A7: Marketing | B7: Marketing & Communications | C7: G9 | D7: Gurugram | E7: Neha Joshi | N7: reqSkills
A8: Product Management | B8: Product Management | D8: London | E8: Thomas George | N8: resp
A9: Operations | B9: Operations | N9: stakeholder
A10: Customer Success
A11: Legal & Compliance
